,Year,Percentage,Change
0,2013,19.39322636629809,
1,2014,18.936953251722226,-0.4562731145758647
2,2015,21.682170063656166,2.7452168119339397
3,2016,24.078922877900634,2.3967528142444685
4,2017,23.805131238061268,-0.2737916398393665
5,2018,23.76448800974648,-0.040643228314788615
6,2019,26.76155561476716,2.997067605020682
7,2020,24.905213055284612,-1.856342559482549
8,2021,28.055571903001177,3.1503588477165643
9,2022,29.11215073764794,1.0565788346467642
